{
  "model_version": "v8",
  "target": "PR_norm = power_W / (theoretical_poa × 1.948 × 0.208)",
  "feature_columns": [
    "hour_sin",
    "hour_cos",
    "day_sin",
    "day_cos",
    "tilt_sin",
    "tilt_cos",
    "azimuth_sin",
    "azimuth_cos",
    "clearness",
    "panel_calib"
  ],
  "input_dim": 10,
  "num_mfs": 7,
  "output_activation": "sigmoid",
  "panel_area_m2": 1.948,
  "panel_eff_stc": 0.208,
  "site_lat": 25.1,
  "site_lon": 121.43,
  "poa_min": 50.0,
  "split_method": "timestamp_aware (GroupShuffleSplit)",
  "training_date": "2026-05-14 07:21:06",
  "performance_watts": {
    "rmse": 49.530357512245345,
    "mae": 38.61541479584321,
    "r2": 0.6574510118884085,
    "mape": 56.744723800978406,
    "by_range": {
      "0-100W": {
        "n": 2029,
        "mae": 29.702935300752326,
        "r2": -1.3290885761935876
      },
      "100-200W": {
        "n": 1085,
        "mae": 26.941426101017967,
        "r2": -0.2960431350809527
      },
      "200-300W": {
        "n": 900,
        "mae": 71.09655309946615,
        "r2": -8.490548732055265
      },
      ">300W": {
        "n": 19,
        "mae": 118.44037038342927,
        "r2": -153.46062972289337
      }
    }
  },
  "performance_pr": {
    "rmse": 0.15252178743940517,
    "r2": 0.5346957445144653
  },
  "ranking_mode_a": {
    "n_timestamps": 1185,
    "avg_n_panels": 2.659915611814346,
    "top1_accuracy": 0.6177215189873417,
    "power_gap_mean": 5.13818081814346,
    "power_gap_median": 0.0,
    "spearman_mean": 0.3895922174840085
  },
  "ranking_mode_b": {
    "n_timestamps": 1000,
    "n_grid_points": 64,
    "tilt_range": [
      0,
      35,
      5
    ],
    "azi_range": [
      145,
      215,
      10
    ],
    "pred_best_mean": 76.18482971191406,
    "true_max12_mean": 124.330358956,
    "gain_mean": -48.1455324504582,
    "gain_pct": -38.72387472756891,
    "in_dataset_range_pct": 1.2,
    "best_tilt_mean": 17.285,
    "best_azi_mean": 184.91
  }
}