{
  "epochs": 800,
  "max_ts": null,
  "n_train": 238832,
  "n_test": 59678,
  "single": {
    "overall": {
      "r2": 0.6988370037866045,
      "mae": 33.722786550552605,
      "rmse": 45.5524987186576
    },
    "ranking_mode_a": {
      "n_timestamps": 3223,
      "avg_n_panels": 10.349984486503258,
      "top1_accuracy": 0.33447098976109213,
      "power_gap_mean": 8.983231046715446,
      "power_gap_median": 1.4703864999999983,
      "spearman_mean": 0.48925421309665684
    },
    "by_range": {
      "0-100W": {
        "n": 31646,
        "mae": 28.414888155939035,
        "r2": -1.8089565583513814
      },
      "100-200W": {
        "n": 15888,
        "mae": 27.173047429338506,
        "r2": -0.42850833400938826
      },
      "200-300W": {
        "n": 11901,
        "mae": 55.07919636206933,
        "r2": -5.002491877041767
      },
      ">300W": {
        "n": 243,
        "mae": 107.27576838977008,
        "r2": -149.6316721389232
      }
    }
  },
  "timeseg": {
    "overall": {
      "r2": 0.6828693632915779,
      "mae": 34.79541397609151,
      "rmse": 46.74449795357399
    },
    "ranking_mode_a": {
      "n_timestamps": 3223,
      "avg_n_panels": 10.349984486503258,
      "top1_accuracy": 0.29878994725411107,
      "power_gap_mean": 8.348316603219113,
      "power_gap_median": 1.9295197337430068,
      "spearman_mean": 0.4346351719020529
    },
    "by_range": {
      "0-100W": {
        "n": 31646,
        "mae": 31.08718608993844,
        "r2": -2.2910365437798665
      },
      "100-200W": {
        "n": 15888,
        "mae": 27.77174997502611,
        "r2": -0.4751036374112765
      },
      "200-300W": {
        "n": 11901,
        "mae": 52.53311702573691,
        "r2": -4.526735701902196
      },
      ">300W": {
        "n": 243,
        "mae": 108.23635776332333,
        "r2": -149.88647569361365
      }
    }
  },
  "verdict": "未明顯勝出",
  "created": "2026-06-02 10:55:43"
}