{
  "model_version": "v6",
  "target": "PR_norm = power_W / (theoretical_poa × 1.948 × 0.208)",
  "feature_columns": [
    "hour_sin",
    "hour_cos",
    "day_sin",
    "day_cos",
    "tilt_sin",
    "tilt_cos",
    "azimuth_sin",
    "azimuth_cos",
    "clearness",
    "cos_incidence",
    "sin_solar_elev"
  ],
  "input_dim": 11,
  "num_mfs": 7,
  "output_activation": "sigmoid",
  "panel_area_m2": 1.948,
  "panel_eff_stc": 0.208,
  "site_lat": 25.1,
  "site_lon": 121.43,
  "poa_min": 50.0,
  "split_method": "timestamp_aware (GroupShuffleSplit)",
  "training_date": "2026-05-14 15:09:19",
  "performance_watts": {
    "rmse": 39.05386821051427,
    "mae": 27.409939322494925,
    "r2": 0.7840870418962522,
    "mape": 40.99764127075222,
    "by_range": {
      "0-100W": {
        "n": 20669,
        "mae": 23.458757585884054,
        "r2": -0.8180457205616056
      },
      "100-200W": {
        "n": 11337,
        "mae": 27.685706381044895,
        "r2": -0.6611260379631478
      },
      "200-300W": {
        "n": 8418,
        "mae": 35.24094030707566,
        "r2": -2.5177560212044763
      },
      ">300W": {
        "n": 215,
        "mae": 86.10406901099883,
        "r2": -96.41491689868954
      }
    }
  },
  "performance_pr": {
    "rmse": 0.12042127281039387,
    "r2": 0.7162091732025146
  },
  "ranking_mode_a": {
    "n_timestamps": 2222,
    "avg_n_panels": 10.413141314131414,
    "top1_accuracy": 0.2826282628262826,
    "power_gap_mean": 8.060997937668766,
    "power_gap_median": 2.0742442499999996,
    "spearman_mean": 0.5096057625948931
  },
  "ranking_mode_b": {
    "n_timestamps": 1000,
    "n_grid_points": 64,
    "tilt_range": [
      0,
      35,
      5
    ],
    "azi_range": [
      145,
      215,
      10
    ],
    "pred_best_mean": 90.0785903930664,
    "true_max12_mean": 140.58394530799998,
    "gain_mean": -50.50535531112567,
    "gain_pct": -35.92540755665622,
    "in_dataset_range_pct": 13.0,
    "best_tilt_mean": 16.675,
    "best_azi_mean": 176.64
  }
}