{
  "model_version": "v5",
  "target": "PR_norm = power_W / (theoretical_poa × 1.948 × 0.208)",
  "feature_columns": [
    "hour_sin",
    "hour_cos",
    "day_sin",
    "day_cos",
    "tilt_sin",
    "tilt_cos",
    "azimuth_sin",
    "azimuth_cos",
    "clearness"
  ],
  "input_dim": 9,
  "num_mfs": 7,
  "output_activation": "sigmoid",
  "panel_area_m2": 1.948,
  "panel_eff_stc": 0.208,
  "site_lat": 25.1,
  "site_lon": 121.43,
  "poa_min": 50.0,
  "split_method": "timestamp_aware (GroupShuffleSplit)",
  "training_date": "2026-05-14 06:28:10",
  "performance_watts": {
    "rmse": 50.20133980466869,
    "mae": 40.57706320457469,
    "r2": 0.6481072011563788,
    "mape": 67.77305646356697,
    "by_range": {
      "0-100W": {
        "n": 2029,
        "mae": 37.90490111214113,
        "r2": -2.474238606047354
      },
      "100-200W": {
        "n": 1085,
        "mae": 26.203343668156638,
        "r2": -0.1931654152469564
      },
      "200-300W": {
        "n": 900,
        "mae": 62.40310423994357,
        "r2": -6.384752977665565
      },
      ">300W": {
        "n": 19,
        "mae": 112.88578166401109,
        "r2": -139.6397285150931
      }
    }
  },
  "performance_pr": {
    "rmse": 0.15790217231378992,
    "r2": 0.5012884140014648
  },
  "ranking_mode_a": {
    "n_timestamps": 1185,
    "avg_n_panels": 2.659915611814346,
    "top1_accuracy": 0.5991561181434599,
    "power_gap_mean": 6.086861464978903,
    "power_gap_median": 0.0,
    "spearman_mean": 0.3743603411513859
  },
  "ranking_mode_b": {
    "n_timestamps": 1000,
    "n_grid_points": 64,
    "tilt_range": [
      0,
      35,
      5
    ],
    "azi_range": [
      145,
      215,
      10
    ],
    "pred_best_mean": 77.21963500976562,
    "true_max12_mean": 124.330358956,
    "gain_mean": -47.11072692861238,
    "gain_pct": -37.89157155516994,
    "in_dataset_range_pct": 10.7,
    "best_tilt_mean": 18.3,
    "best_azi_mean": 182.55
  }
}